{
    "loss": 0.31408557295799255,
    "accuracy": 0.9215686321258545
}